original_S,original_A,original_T,original_B,original_chord,simple2,simple3,simple1,simple7,simple6,viterbi4,viterbi4_chords,viterbi8,viterbi8_chords,simple2CHORD,simple3CHORD,simple1CHORD,simple7CHORD,simple6CHORD,viterbi4CHORD,viterbi8CHORD
-1000,-1000,-1000,-1000,1000,1000,1000,1000,1000,1000,59,Cmajor,60,Cmajor,Eother,Eother,Eother,Eother,Eother,Eother,Cmajor
-1000,-1000,-1000,-1000,1000,1000,1000,1000,1000,1000,60,Cmajor,60,Cmajor,Eother,Eother,Eother,Eother,Eother,Cmajor,Cmajor
-1000,-1000,-1000,-1000,1000,1000,1000,1000,1000,1000,59,Cmajor,60,Cmajor,Eother,Eother,Eother,Eother,Eother,Eother,Cmajor
55,52,48,36,Cmajor,50,60,52,52,52,60,Cmajor,60,Cmajor,Cother,Cother,Cmajor,Cmajor,Cmajor,Cother,Cother
60,55,52,48,Cmajor,55,60,55,55,55,60,Cmajor,48,Fmajor,Cmajor,Cmajor,Cmajor,Cmajor,Cmajor,Cmajor,Cmajor
62,55,50,47,Gmajor,59,59,59,55,55,60,Cmajor,48,Cmajor,Bminor,Bminor,Bminor,Gmajor,Gmajor,Bminor,Bminor
64,55,48,48,Cmajor,60,60,60,55,55,60,Fmajor,50,Gmajor,Cmajor,Cmajor,Cmajor,Cmajor,Cmajor,Cmajor,Cmajor
69,57,48,41,Fmajor,60,60,60,53,53,53,Fmajor,55,Aminor,Fmajor,Fmajor,Fmajor,Fmajor,Fmajor,Fmajor,Fmajor
67,60,52,40,Cmajor,60,60,60,60,60,53,Fmajor,53,Dminor,Cmajor,Cmajor,Cmajor,Cmajor,Cmajor,Eminor,Eminor
-67,59,50,43,Gmajor,60,59,62,59,59,55,Cmajor,55,Gmajor,Cother,Gmajor,Gother,Gmajor,Gmajor,Gother,Gother
64,60,55,36,Cmajor,60,60,60,60,60,52,Cmajor,52,Cmajor,Cmajor,Cmajor,Cmajor,Cmajor,Cmajor,Cmajor,Cmajor
69,60,53,41,Fmajor,60,60,60,60,60,60,Fmajor,57,Fmajor,Fmajor,Fmajor,Fmajor,Fmajor,Fmajor,Fmajor,Fmajor
67,59,50,43,Gmajor,60,59,62,59,59,59,Cmajor,55,Cmajor,Cother,Gmajor,Gother,Gmajor,Gmajor,Gmajor,Gother
65,60,57,45,Fmajor,60,60,60,60,60,60,Cmajor,55,Cmajor,Fmajor,Fmajor,Fmajor,Fmajor,Fmajor,Fmajor,Fmajor
64,64,55,48,Cmajor,60,60,60,60,60,55,Gmajor,55,Cmajor,Cmajor,Cmajor,Cmajor,Cmajor,Cmajor,Cmajor,Cmajor
65,60,57,45,Fmajor,60,60,60,60,60,62,Gmajor,60,Cmajor,Fmajor,Fmajor,Fmajor,Fmajor,Fmajor,Dminor,Fmajor
62,60,57,41,Dminor,59,57,57,60,60,60,Cmajor,60,Cmajor,Bdiminished,Dminor,Dminor,Dminor,Dminor,Dminor,Dminor
-62,59,55,43,Gmajor,59,59,59,59,59,59,Cmajor,60,Cmajor,Gmajor,Gmajor,Gmajor,Gmajor,Gmajor,Gmajor,Cother
60,55,52,36,Cmajor,55,60,55,55,55,60,Fmajor,60,Cmajor,Cmajor,Cmajor,Cmajor,Cmajor,Cmajor,Cmajor,Cmajor
55,52,48,36,Cmajor,50,60,52,52,52,60,Fmajor,60,Fmajor,Cother,Cother,Cmajor,Cmajor,Cmajor,Cother,Cother
60,55,52,48,Cmajor,55,60,55,55,55,60,Fmajor,60,Fmajor,Cmajor,Cmajor,Cmajor,Cmajor,Cmajor,Cmajor,Cmajor
62,55,50,47,Gmajor,59,59,59,55,55,60,Fmajor,60,Cmajor,Bminor,Bminor,Bminor,Gmajor,Gmajor,Bminor,Bminor
64,55,48,48,Cmajor,60,60,60,55,55,55,Gmajor,55,Cmajor,Cmajor,Cmajor,Cmajor,Cmajor,Cmajor,Cmajor,Cmajor
69,57,48,41,Fmajor,60,60,60,53,53,59,Gmajor,60,Cmajor,Fmajor,Fmajor,Fmajor,Fmajor,Fmajor,Fmajor,Fmajor
67,60,52,40,Cmajor,60,60,60,60,60,59,Cmajor,60,Cmajor,Cmajor,Cmajor,Cmajor,Cmajor,Cmajor,Eminor,Cmajor
-67,59,50,43,Gmajor,60,59,62,59,59,60,Cmajor,60,Cmajor,Cother,Gmajor,Gother,Gmajor,Gmajor,Cother,Cother
64,60,55,36,Cmajor,60,60,60,60,60,60,Cmajor,60,Cmajor,Cmajor,Cmajor,Cmajor,Cmajor,Cmajor,Cmajor,Cmajor
69,60,53,41,Fmajor,60,60,60,60,60,60,Cmajor,60,Cmajor,Fmajor,Fmajor,Fmajor,Fmajor,Fmajor,Fmajor,Fmajor
67,59,50,43,Gmajor,60,59,62,59,59,60,Cmajor,60,Fmajor,Cother,Gmajor,Gother,Gmajor,Gmajor,Cother,Cother
65,60,57,45,Fmajor,60,60,60,60,60,62,Gmajor,62,Bdiminished,Fmajor,Fmajor,Fmajor,Fmajor,Fmajor,Dminor,Dminor
64,64,55,48,Cmajor,60,60,60,60,60,60,Cmajor,59,Emajor,Cmajor,Cmajor,Cmajor,Cmajor,Cmajor,Cmajor,Cmajor
65,60,57,45,Fmajor,60,60,60,60,60,60,Cmajor,57,Aminor,Fmajor,Fmajor,Fmajor,Fmajor,Fmajor,Fmajor,Fmajor
62,60,57,41,Dminor,59,57,57,60,60,60,Cmajor,55,Ediminished,Bdiminished,Dminor,Dminor,Dminor,Dminor,Dminor,Dminor
-62,59,55,43,Gmajor,59,59,59,59,59,62,Gmajor,57,Dminor,Gmajor,Gmajor,Gmajor,Gmajor,Gmajor,Gother,Gother
60,55,52,36,Cmajor,55,60,55,55,55,60,Cmajor,55,Cmajor,Cmajor,Cmajor,Cmajor,Cmajor,Cmajor,Cmajor,Cmajor
67,60,52,48,Cmajor,60,60,60,60,60,59,Cmajor,55,Cmajor,Cmajor,Cmajor,Cmajor,Cmajor,Cmajor,Cmajor,Cmajor
69,60,53,41,Fmajor,60,60,60,60,60,60,Fmajor,55,Cmajor,Fmajor,Fmajor,Fmajor,Fmajor,Fmajor,Fmajor,Fmajor
69,60,50,42,Dmajor,60,62,62,62,62,52,Cmajor,59,Gmajor,Dmajor,Dmajor,Dmajor,Dmajor,Dmajor,Dmajor,Bminor
62,59,55,43,Gmajor,59,59,59,59,59,55,Gmajor,60,Cmajor,Gmajor,Gmajor,Gmajor,Gmajor,Gmajor,Gother,Cother
62,59,55,43,Gmajor,59,59,59,59,59,59,Gmajor,60,Cmajor,Gmajor,Gmajor,Gmajor,Gmajor,Gmajor,Gmajor,Cother
67,62,50,47,Gmajor,60,59,62,62,62,59,Cmajor,60,Cmajor,Gmajor,Gmajor,Gmajor,Gmajor,Gmajor,Gmajor,Gmajor
67,59,52,40,Eminor,60,59,59,60,59,60,Cmajor,60,Cmajor,Cmajor,Eminor,Eminor,Cmajor,Eminor,Cmajor,Cmajor
60,57,52,45,Aminor,55,60,57,57,57,60,Cmajor,60,Cmajor,Aminor,Aminor,Aminor,Aminor,Aminor,Aminor,Aminor
64,57,48,45,Aminor,60,60,60,57,57,60,Cmajor,60,Cmajor,Aminor,Aminor,Aminor,Aminor,Aminor,Aminor,Aminor
62,57,50,42,Dmajor,59,62,57,57,57,60,Cmajor,60,Fmajor,Bminor,Dmajor,Dmajor,Dmajor,Dmajor,Dmajor,Dmajor
60,55,50,38,Cother,55,60,55,54,55,62,Gmajor,62,Bdiminished,Cother,Dother,Cother,Dmajor,Cother,Dother,Dother
59,55,50,43,Gmajor,55,59,55,55,55,60,Cmajor,59,Emajor,Gmajor,Gmajor,Gmajor,Gmajor,Gmajor,Gmajor,Gmajor
60,55,48,40,Cmajor,55,60,55,55,55,60,Cmajor,57,Aminor,Cmajor,Cmajor,Cmajor,Cmajor,Cmajor,Cmajor,Aminor
57,55,52,36,Aminor,54,60,55,55,55,60,Cmajor,55,Ediminished,F#diminished,Aminor,Aminor,Aminor,Aminor,Aminor,Aminor
-57,54,50,38,Dmajor,54,62,54,54,54,62,Gmajor,57,Dminor,Dmajor,Dother,Dmajor,Dmajor,Dmajor,Dother,Dother
55,55,47,43,Gmajor,50,59,50,50,50,60,Cmajor,55,Cmajor,Gmajor,Gmajor,Gmajor,Gmajor,Gmajor,Cother,Gmajor
67,60,48,40,Cmajor,60,60,60,55,55,59,Cmajor,55,Cmajor,Cmajor,Cmajor,Cmajor,Cmajor,Cmajor,Cmajor,Cmajor
65,57,48,45,Fmajor,60,60,60,57,57,60,Fmajor,57,Fmajor,Fmajor,Fmajor,Fmajor,Fmajor,Fmajor,Fmajor,Fmajor
64,55,52,48,Cmajor,60,60,60,55,55,60,Fmajor,52,Cmajor,Cmajor,Cmajor,Cmajor,Cmajor,Cmajor,Cmajor,Cmajor
62,59,55,43,Gmajor,59,59,59,59,59,1000,Fmajor,1000,Dminor,Gmajor,Gmajor,Gmajor,Gmajor,Gmajor,Eminor,Eminor
64,60,55,40,Cmajor,60,60,60,60,60,60,Fmajor,67,Ediminished,Cmajor,Cmajor,Cmajor,Cmajor,Cmajor,Cmajor,Eminor
62,60,55,43,Cother,59,60,60,59,60,60,Fmajor,60,Fmajor,Gmajor,Cother,Cother,Gmajor,Cother,Cother,Cother
-62,59,53,-43,Gmajor,59,59,59,59,59,59,Cmajor,60,Cmajor,Gmajor,Gmajor,Gmajor,Gmajor,Gmajor,Gmajor,Dminor
60,55,52,36,Cmajor,55,60,55,55,55,Cmajor,Cmajor,Cmajor,Cmajor,Cmajor,NOT_FOUND,NOT_FOUND
